ASINコード,商品名,物販先,販売価格,在庫数,仕入先リスト,
B0BLRT8XKY,,,,,,
B00LUGN104,,,,,,
,ハクバ HAKUBA インナーソフトボックス02 400 グレー インナーバッグ ソフトバッグ カメラバッグ ガジェットケース 中仕切り付 取り外し可能なふた付き 2KCS-40-400GY 4977187360073,,,,,
B09JSM6X6Q,,,,,,
B09B3M9DCY,,,,,,
B0928N4M35,,,,,,
,エレコム ヘッドホンスタンド/クランプ式/360度回転/シルバー,,,,,
B0928NCJVC,,,,,,
B0928MRCNY,,,,,,
,【整備済み品】 Apple iPhone 12 Pro Max 512GB パシフィックブルー SIMフリー (整備済み品),,,,,
B0928M3BG9,,,,,,
B0928LMMHG,,,,,,
"Inateck 2.5型 USB 3.0 HDDケース外付け 2.5インチ厚さ9.5mm/7mmのSATA-I, SATA-II, SATA-III, SATA HDD/SSDに対応、着脱は工具不要、UASPサポート,FE2005",,,,,,
B0928HML89,,,,,,
B0928LDT53,,,,,,
B0B6HD438S,,,,,,
,【整備済み品】 Apple iPhone 11 Pro 256GB スペースグレー SIMフリー (整備済み品),,,,,
,【整備済み品】 Apple iPhone 11 Pro 64GB ミッドナイトグリーン SIMフリー (整備済み品),,,,,
,【柔らかいパステル色と手触り】 Sinjimoru Magsafe対応 シリコンスマホケース、パステルカラーシリコン素材 MagSafe用スマホケース ワイヤレス充電対応 iPhone 13シリーズ用 MagSafeスマホケース、Magsafe Silicone Case for iPhone 13 ライトグレー,,,,,
B0876CBNCM,,,,,,
B07MBXPPC9,,,,,,
B018LUF7PS,,,,,,
,LEDリングライト - OhaYoo 外径8in USBライト 3色モード付き 撮影照明用ライト 卓上ライト Bluetoothリモコン 高輝度LED スマホスタンド付き 10段階調光 美容化粧/YouTube生放送/ビデオカメラ撮影用,,,,,
,APEXEL 独占特許を取得済みユニバーサルアクセサリー 望遠鏡用カメラアダプター スマートフォンアダプター フィールドスコープ 操作簡単 ユニバーサル 調整可能 取り外しやすい パーツ 軽量 カメラ撮影 スポッティングスコープ/単眼鏡/双眼鏡/望遠鏡/天体望遠鏡/顕微鏡など用アダプター,,,,,
B075D7BDPX,,,,,,
B09X1DY9VV,,,,,,
B0C2W1188T,,,,,,
B0BQZMFQNH,,,,,,
B08TT481SM,,,,,,
,Xbox Series X​ + Xbox Elite ワイヤレス コントローラー シリーズ 2セット,,,,,
